[
    {
        "id": "pc-dota2",
        "nombre": "DOTA 2",
        "plataforma": "PC",
        "developer": "Valve Corporation",
        "personaje_principal": "Shopkeeper"
    },
    {
        "id": "pc-valorant",
        "nombre": "Valorant",
        "plataforma": "PC",
        "developer": "Riot Games",
        "personaje_principal": "Brimstone"
    },
    {
        "id": "pc-wowshadowlands",
        "nombre": "World of Warcraft: Shadowlands",
        "plataforma": "PC",
        "developer": "Blizzard Entertainment",
        "personaje_principal": "NA"
    },
    {
        "id": "pc-xcom",
        "nombre": "Xcom: Chimera Squad",
        "plataforma": "PC",
        "developer": "2K Games",
        "personaje_principal": "Chimera"
    },
    {
        "id": "ps-ghost",
        "nombre": "Ghost of Tsushima",
        "plataforma": "PlayStation",
        "developer": "Sucker Punch Productions",
        "personaje_principal": "Jin Sakai"
    },
    {
        "id": "ps-gow",
        "nombre": "God of War: Ragnarok",
        "plataforma": "PlayStation",
        "developer": "Santa Monica Studio",
        "personaje_principal": "Kratos"
    },
    {
        "id": "ps-gtsport",
        "nombre": "Gran Turismo Sport",
        "plataforma": "PlayStation",
        "developer": "Polyphony Digital",
        "personaje_principal": "NA"
    },
    {
        "id": "ps-spiderman",
        "nombre": "Spider-Man",
        "plataforma": "PlayStation",
        "developer": "Insomniac Games",
        "personaje_principal": "Spider-Man"
    },
    {
        "id": "ps-tlou2",
        "nombre": "The Last of Us 2",
        "plataforma": "PlayStation",
        "developer": "Naughty Dog",
        "personaje_principal": "Ellie"
    },
    {
        "id": "ps-uncharted4",
        "nombre": "Uncharted 4",
        "plataforma": "PlayStation",
        "developer": "Naughty Dog",
        "personaje_principal": "Nathan Drake"
    },
    {
        "id": "switch-mariokart8",
        "nombre": "Mario Kart 8 Deluxe",
        "plataforma": "Nintendo Switch",
        "developer": "Nintendo",
        "personaje_principal": "Mario"
    },
    {
        "id": "switch-mariomaker2",
        "nombre": "Mario Maker 2",
        "plataforma": "Nintendo Switch",
        "developer": "Nintendo",
        "personaje_principal": "Mario"
    },
    {
        "id": "switch-marioodyssey",
        "nombre": "Mario Odyssey",
        "plataforma": "Nintendo Switch",
        "developer": "Nintendo",
        "personaje_principal": "Mario"
    },
    {
        "id": "switch-smash",
        "nombre": "Smash Brothers Ultimate",
        "plataforma": "Nintendo Switch",
        "developer": "Nintendo",
        "personaje_principal": "NA"
    },
    {
        "id": "switch-marioparty",
        "nombre": "Super Mario Party",
        "plataforma": "Nintendo Switch",
        "developer": "Nintendo",
        "personaje_principal": "Mario"
    },
    {
        "id": "switch-zeldabow",
        "nombre": "Zelda Breath of the Wild",
        "plataforma": "Nintenod Switch",
        "developer": "Nintendo",
        "personaje_principal": "Link"
    },
    {
        "id": "xbox-forza5",
        "nombre": "Forza Motorsport 5",
        "plataforma": "Xbox",
        "developer": "Turn 10 Studios",
        "personaje_principal": "NA"
    },
    {
        "id": "xbox-forza7",
        "nombre": "Forza Motorsport 7",
        "plataforma": "Xbox",
        "developer": "Turn 10 Studios",
        "personaje_principal": "NA"
    },
    {
        "id": "xbox-gears5",
        "nombre": "Grars of War 5",
        "plataforma": "Xbox",
        "developer": "The Coallition",
        "personaje_principal": "Kait Diaz"
    },
    {
        "id": "xbox-halo5",
        "nombre": "Halo 5 Guardians",
        "plataforma": "Xbox",
        "developer": "343 Industries",
        "personaje_principal": "Master Chief"
    },
    {
        "id": "xbox-hellblade2",
        "nombre": "Hellblade 2",
        "plataforma": "Xbox",
        "developer": "Ninja Theory",
        "personaje_principal": "Senua"
    },
    {
        "id": "xbox-psychonauts2",
        "nombre": "Psychonauts 2",
        "plataforma": "Xbox",
        "developer": "Double Fine",
        "personaje_principal": "Raz"
    },
    {
        "id": "nier-automata",
        "nombre": "Nier: Automata",
        "plataforma": "Playstation 4",
        "developer": "Square Enix",
        "personaje_principal": "2B"
    },
    {
        "id": "nier-automata",
        "nombre": "Nier: Automata",
        "plataforma": "Playstation 4",
        "developer": "Square Enix",
        "personaje_principal": "2B"
    }
]